time;value
0;0.128052791375685
1;1.2781652949801188
2;2.482303137771392
3;3.455423974244046
4;5.289301685677226
5;5.8649208403101865
6;6.814504178350806
7;8.771502667251216
8;9.13633822082655
9;9.46823563011934
10;9.790201894177393
11;10.024323878840502
12;9.672615946784802
13;10.34152946741906
14;9.268084743350231
15;9.821537184494487
16;8.848568967522203
17;8.3047041592785
18;7.854732335129765
19;6.890570612238545
20;5.247619258527604
21;4.494194062513658
22;2.678928921908037
23;1.9645804570761587
24;0.7886957021806469
25;-1.2768148619145103
26;-1.7040542945415105
27;-2.734284254668602
28;-3.9837655208596345
29;-5.410150764590156
30;-6.338248296310794
31;-6.808049419807167
32;-8.030918353718512
33;-8.951246503629203
34;-9.388229350960748
35;-9.897619874029571
36;-9.791062059757316
37;-9.641796786991108
38;-9.340592437468791
39;-9.622532065234193
40;-8.80820655384335
41;-8.664283519580207
42;-8.123730850816797
43;-6.99270086182897
44;-6.167171537821585
45;-4.488875916288526
46;-3.73892189365928
47;-2.9608925145574103
48;-1.1237642034778055
49;0.8322337744740358
50;0.08971218657305724
51;1.4741588085306834
52;3.294646009581893
53;3.7192847129530207
54;4.862382288560756
55;6.439010515063945
56;6.426191414574044
57;7.700334950026085
58;8.965291091081975
59;9.243728045146637
60;9.503465891391464
61;10.279072838775942
62;9.618332777317818
63;9.8706504263215
64;9.997851365155014
65;9.168667569721293
66;8.919820566881718
67;7.44714087694908
68;7.363967343194462
69;7.354654322291727
70;4.751796536694676
71;4.605665448848835
72;2.8964690376588793
73;1.364034180328588
74;0.7460648334939514
75;-0.8571154275715038
76;-2.183474509312818
77;-3.519125829148299
78;-4.954678288002759
79;-6.055951677740558
80;-6.368231884734097
81;-7.015000603661573
82;-8.50194035141062
83;-8.82931157310106
84;-9.527840400557908
85;-9.668964605385563
86;-9.57716875297474
87;-10.157642788229655
88;-9.64513914346402
89;-10.57129449772822
90;-8.981174960567323
91;-8.852222780735524
92;-8.758589921895513
93;-6.773859825518059
94;-6.6210303581118986
95;-5.173009645298342
96;-3.610117539917644
97;-2.767271879424299
98;-0.9362844956188381
99;-0.2923380741554002
100;-0.7279604321996722
101;1.6099023305247717
102;2.538883765120095
103;3.669710817669934
104;5.185374092526156
105;6.181788926781476
106;7.149311321045674
107;7.7835996486810455
108;8.48228945428099
109;8.654116711429593
110;10.155918525409673
111;9.832434070628787
112;9.723998517949926
113;10.102514491605529
114;9.471730886648473
115;9.532781398469798
116;9.431098720493559
117;8.514655998354714
118;7.386329557411086
119;6.967800576620001
120;5.711089316240325
121;3.296308961740009
122;3.321622888766538
123;1.9247193955418112
124;0.7110075573552492
125;-0.6208235805802317
126;-1.31397377266069
127;-3.256136983646085
128;-5.443722071491887
129;-5.235453246304388
130;-6.430154509274116
131;-6.733404993165273
132;-7.651862053890811
133;-9.009548169063128
134;-9.692924962045822
135;-9.454523824953064
136;-9.026579621992159
137;-10.13090694010196
138;-9.852126796681432
139;-9.577885013169421
140;-9.249189240769661
141;-8.39066061559763
142;-7.082771676721915
143;-7.032922231948433
144;-6.550314534846034
145;-4.928966364883784
146;-4.5301319833454805
147;-2.0723141331428097
148;-1.0191638965298884
149;-0.4983529611569195
150;0.523817168673487
151;0.7414160917363501
152;2.286098884175161
153;3.4148217099097815
154;4.955023369410062
155;5.862297684509852
156;6.714815552968359
157;7.7513394756476215
158;7.915516307934972
159;9.338088704072446
160;9.6424353921741
161;10.353636779100075
162;9.891415675073427
163;10.484955485101066
164;9.480542307811008
165;9.730011413406354
166;9.275711182592602
167;8.082898664965018
168;7.24109454231668
169;5.893685191671196
170;5.851431791408417
171;5.2265362252751
172;2.299809751155247
173;2.112360671257776
174;0.30681499569908555
175;-0.5266140777991374
176;-3.167575193345652
177;-2.9921268906187706
178;-4.7543409148726905
179;-5.047878151890584
180;-6.864753715768159
181;-7.269805235429607
182;-7.254955316893693
183;-9.51532789567207
184;-9.148616666426546
185;-9.256909738124563
186;-9.955371763808834
187;-10.058381880622468
188;-9.65840907848399
189;-9.51983303575082
190;-9.551361010962284
191;-8.072860472078977
192;-7.362526257382651
193;-6.827116901394638
194;-6.5315263163708766
195;-5.205635994363964
196;-3.562694517528032
197;-1.7065118716935967
198;-1.4236579870309212
199;0.32501375667515986
200;0.12265079017521491
201;1.4427697639503754
202;2.6188544364870827
203;4.020960717372442
204;4.792432588668206
205;6.6700671791957475
206;7.163146249404033
207;7.812904674553148
208;8.73014259219616
209;8.745125158866811
210;9.468942688986884
211;10.009935337238678
212;10.421790565035662
213;10.01170971867894
214;9.772844944566636
215;9.346111957845979
216;8.988675313124402
217;7.8497929105241235
218;7.693857151683807
219;6.067579405028457
220;5.061667925936836
221;4.566265362939287
222;3.3494518466520544
223;1.5874969770734362
224;0.41201309932648655
225;-0.33392246814399773
226;-2.0151369126193277
227;-3.7988829707251064
228;-4.547866580011493
229;-5.183045791972799
230;-7.239599405354018
231;-7.703104394365614
232;-8.231429298303896
233;-9.070048244433083
234;-9.333124483356364
235;-9.835809804491127
236;-9.576559835083112
237;-9.803710436899557
238;-10.347287630426866
239;-9.709591293399876
240;-9.190639333676607
241;-8.468885843460136
242;-7.861210697415078
243;-7.074435850020281
244;-6.027657562975533
245;-4.633847270328268
246;-3.5116840476862663
247;-2.1257441563307466
248;-1.247123485481134
249;0.3503709697820727
250;-0.0036596747432349856
251;0.8428713710606305
252;2.0378765463212667
253;4.121775166896066
254;4.35635590935485
255;5.648737634698014
256;6.733923830297424
257;7.156742798710554
258;8.36354524936183
259;9.550719107264245
260;9.20025314333397
261;9.85162663088327
262;10.627473719522383
263;9.580831144034956
264;10.2376377027683
265;9.164584563931347
266;9.40534723195301
267;8.555751427601644
268;6.825196959647032
269;6.374972827930125
270;5.560314274722459
271;3.7515515941872177
272;2.431470138777482
273;2.1531149700744647
274;0.8309352902083132
275;-0.8124094014926321
276;-1.5682269582709276
277;-2.703076311635841
278;-4.002420084944851
279;-5.206659249415521
280;-6.951162266447605
281;-6.709820585808923
282;-8.596789500146478
283;-9.341270209880282
284;-9.083579677185538
285;-10.334355455010334
286;-10.038631776715157
287;-10.223735897510025
288;-9.665607863620723
289;-9.930900311973021
290;-8.998738934524942
291;-8.607148879212211
292;-7.304783942598151
293;-6.786109152259232
294;-5.799184195539029
295;-4.620087163134835
296;-3.819407085593895
297;-2.497642759439087
298;-1.1833053681221388
299;0.3196055735991451
300;0.22973573559408683
301;1.2740696120152197
302;2.646245953514574
303;4.163205598161661
304;5.11417495842364
305;5.8288840453712805
306;7.065494773784671
307;7.589263694469828
308;8.513033774944157
309;8.609953990714192
310;9.704934489863648
311;9.459425190449977
312;9.808998174228362
313;9.7623605851711
314;9.622393541385515
315;9.657894533259531
316;9.039042515979128
317;8.059444526906129
318;7.756570280626704
319;6.488649227673587
320;5.6210398175628855
321;4.487668383681014
322;3.1696995299428252
323;1.9293275954654803
324;0.273345296398853
325;-1.034698412929269
326;-1.5731001941666587
327;-2.829923390587188
328;-4.947816449220133
329;-4.738518689388269
330;-6.78533103035174
331;-6.884833162598371
332;-8.087697308817036
333;-9.091181854637888
334;-9.841900068632235
335;-10.25601694014471
336;-9.990031958502392
337;-10.154071149132022
338;-11.080735856887907
339;-9.943649065058253
340;-9.130716717731612
341;-7.608798608310531
342;-7.586637766464327
343;-6.841383118873428
344;-5.922258927976847
345;-5.322745596495341
346;-3.5304458580180578
347;-2.269196488002344
348;-0.7614616290065653
349;-0.10423872570511279
350;0.3480850603338659
351;1.0860540194947297
352;2.4776691233452492
353;4.300152544767499
354;4.984601151381277
355;6.167253976305139
356;6.463528164762146
357;7.658466317841385
358;8.093651442920361
359;9.26124461914972
360;9.503068455065268
361;10.17211460633389
362;9.675543105898125
363;9.860468984162658
364;9.81409284778205
365;9.915520856121274
366;8.933745967348981
367;8.198909531513888
368;7.501070309934433
369;6.72774531459014
370;5.279414262965498
371;3.698835162411165
372;3.1480170902735574
373;1.7312567313386467
374;1.0194565554265016
375;-0.18494724188861594
376;-2.0759190995854633
377;-2.561887856945403
378;-4.545209443878893
379;-5.786478536099842
380;-6.413469054398396
381;-6.906223293830862
382;-7.395119144101017
383;-8.509317576813498
384;-9.14818350377237
385;-9.548623401028713
386;-10.414385661885065
387;-9.914162731300328
388;-9.74110173792512
389;-9.843138549073291
390;-9.65619407153777
391;-8.256088641567343
392;-7.53498945213579
393;-6.331243577425104
394;-5.305418881111507
395;-4.927123116634166
396;-4.2343136484089365
397;-2.6557454160885583
398;-1.1756377520682446
399;0.19910803008578404
400;-0.6342434985809512
401;1.0895823381776761
402;3.15680255912341
403;4.37018332268132
404;4.623215315401451
405;6.001853438129415
406;7.139814696364361
407;7.855708236879363
408;7.796976463101897
409;8.407064154736261
410;9.68988033197454
411;9.388998290588804
412;10.22791317001589
413;10.168990953999542
414;9.85715189825397
415;9.057988190417076
416;9.47273851425724
417;7.910732221485024
418;7.261278410832229
419;6.7345084242919295
420;5.652135751476076
421;4.308976452968382
422;3.2170863395640037
423;1.453977273211889
424;1.0989980591526305
425;-0.7164100694412244
426;-2.168291999449839
427;-3.2495638030299356
428;-5.10575175272206
429;-5.67549400682392
430;-6.355147231571259
431;-6.628919799001993
432;-8.193563453652434
433;-8.939898183223814
434;-9.352009904348083
435;-8.969449785010507
436;-10.076815254084138
437;-10.227799684593156
438;-9.62147561362354
439;-9.239628491658255
440;-9.33630541223397
441;-8.550131525195207
442;-8.619509453430979
443;-7.085130838254986
444;-5.196652184681085
445;-5.061238928291857
446;-4.017049813889273
447;-2.997553804300138
448;-1.707221848281208
449;0.09509689723075934
450;-0.14095762870184794
451;1.0376092609055139
452;1.7708907421300704
453;3.4545837994179083
454;4.6533504988689955
455;6.1588385536936405
456;6.754144358997815
457;8.627880683295546
458;8.721491168469315
459;9.37608963061969
460;9.541486076519584
461;10.081569706221932
462;9.999205038021708
463;10.367566623790962
464;9.97264022536155
465;9.58798411620809
466;8.844712445940889
467;8.552159825460244
468;7.476874675130614
469;6.7361782796332585
470;5.592008452426475
471;3.7884497673461937
472;2.873511443333964
473;1.5465897194885918
474;1.0580287572213063
475;-1.2638691805052236
476;-1.2031219376506999
477;-2.9847067090308963
478;-4.766360124754415
479;-5.414173695866518
480;-6.230589365987172
481;-8.399998916926934
482;-8.466508269127736
483;-9.083891091582377
484;-9.792926112421705
485;-9.125917217932138
486;-9.436517033356077
487;-10.304720379876438
488;-9.885965111826328
489;-9.110057273008778
490;-8.924324115922799
491;-9.009113172405845
492;-7.797186034811829
493;-7.139300165087956
494;-5.987827354898174
495;-5.004143902282614
496;-3.740359347810038
497;-2.5856796337582337
498;-1.6957746285989592
499;-0.0969819359864203
500;0.6231545705873902
501;1.3990798779705127
502;2.666317101087208
503;3.6442902882056822
504;4.507324336148426
505;5.847040493530855
506;7.293634160772455
507;7.86621855982126
508;8.299476215431442
509;8.734952222827935
510;10.259850581970248
511;9.998639017284013
512;9.881480096474652
513;10.114117341318632
514;10.505243728556392
515;9.747142744252756
516;8.751937944292477
517;7.890584268176415
518;7.788482728556823
519;6.544221098034102
520;5.964102810027975
521;4.538618374303514
522;4.2172744360241055
523;1.9991276079214362
524;0.4817838981529955
525;-0.5339962491375504
526;-1.887621555761497
527;-3.565097889915453
528;-3.9817720197592275
529;-5.851101401750794
530;-6.18085801954854
531;-7.630671043672542
532;-7.66654274545015
533;-8.256196701456407
534;-9.431768313141824
535;-10.15560102077213
536;-9.521583311458366
537;-9.463689522077592
538;-9.402390590730683
539;-8.827485668697514
540;-9.507748880866085
541;-8.13167565579228
542;-7.7056202365093505
543;-7.108642163584438
544;-5.066648958197158
545;-4.627218919428742
546;-3.7608627579821894
547;-2.7611729488067414
548;-1.1385361420097704
549;-0.02492637782631515
550;0.6246767528933367
551;1.5163834083354217
552;3.187802641500302
553;3.59759989733277
554;4.980062862420619
555;6.4461479079278075
556;6.946918098514759
557;7.484958962023727
558;8.483385056236953
559;8.64715920894115
560;9.84227060649528
561;10.225642591186752
562;9.72142961511114
563;10.383564976365069
564;9.993397818604155
565;9.254721774764764
566;8.601372410783748
567;8.885822765454103
568;7.446511446546995
569;7.081567255220438
570;5.148674599662975
571;3.7979085351045714
572;3.4394543769429724
573;2.2549004974069042
574;0.9945030313598491
575;-1.0036126427838994
576;-1.7563090301294804
577;-3.0411914792285897
578;-4.751126606301572
579;-6.209299804251621
580;-6.443222928668895
581;-6.73524547178853
582;-8.6775014016021
583;-8.987614587711574
584;-9.964589251420573
585;-10.301037958991929
586;-10.300661144996083
587;-10.323657955486194
588;-10.1685180053874
589;-10.043591565121782
590;-9.058994538408959
591;-9.083603819998313
592;-7.56715898148807
593;-6.940344676968988
594;-6.08869791596897
595;-4.683499651842675
596;-3.665816433878445
597;-2.3421774138710525
598;-1.0602622837363733
599;-0.6260786554706863
600;0.263540046842863
601;1.031689876560057
602;2.49513216440501
603;3.785765621517794
604;5.8433186182155525
605;5.93919180307636
606;8.010077674263604
607;8.446612683687356
608;8.522078848767768
609;8.955305930116996
610;9.88853055854667
611;10.799375666108586
612;10.329500929620524
613;9.653077807252943
614;9.601164150847916
615;9.2774895948026
616;8.885599853707333
617;7.88380485184958
618;7.5437548374783825
619;6.7619966658263815
620;5.106920859381389
621;4.280731875616735
622;3.0415382066391197
623;1.7563604486925615
624;0.47680303686637526
625;0.02167367989994573
626;-2.389097881834636
627;-2.651312402053091
628;-3.3769777594449133
629;-6.112017595250829
630;-6.471378178652753
631;-7.619269264211078
632;-8.405776645676708
633;-9.887662555120421
634;-9.58537462690952
635;-10.01049688719031
636;-10.105939399351833
637;-9.778264422501131
638;-10.066635017450803
639;-9.356999552508755
640;-9.530159259325746
641;-9.39385831237737
642;-7.973427498180569
643;-7.172274434306768
644;-7.339244712647314
645;-4.757825897691399
646;-3.2318733941084314
647;-2.4248387462905456
648;-1.6266236927047546
649;-0.2609045882980888
650;-0.0824060638621271
651;1.036678412247839
652;2.170653140167838
653;4.172354033460527
654;5.391797994216443
655;6.820521938330433
656;6.280042389902575
657;8.19605077465146
658;8.18821200212104
659;9.187258116532181
660;9.970715155037016
661;9.931370457849276
662;10.735564747195358
663;10.468175327880997
664;9.905844043456355
665;9.861969796125615
666;8.85702733598157
667;7.496280740778804
668;7.291017086587249
669;6.452371281852789
670;6.281884134906167
671;4.026035105599967
672;2.3205821233335233
673;1.918611559876407
674;0.46596243403815824
675;-1.5818565680703185
676;-1.4372757506216702
677;-3.5646431549501476
678;-3.9287428281958343
679;-5.684920182567029
680;-6.66864882058797
681;-7.632554041716829
682;-7.954998279685743
683;-8.593539468696394
684;-9.32971987112459
685;-9.423106056269908
686;-10.466346130660746
687;-10.25310160185207
688;-9.385897800304782
689;-9.250018213884085
690;-9.102083315574903
691;-8.217810965360934
692;-7.612568399142833
693;-6.03226724969148
694;-6.307715224037694
695;-4.43723334222401
696;-4.184528117218294
697;-2.9576357125375776
698;-1.4839060395604837
699;-0.2234821617657104
700;-0.17327639028882033
701;1.470415727576629
702;2.976401513849296
703;3.792435672659817
704;4.991020625774529
705;5.372371960521843
706;7.268568850122947
707;8.157349205867698
708;7.9514537707200965
709;8.844308984101252
710;9.578457885570757
711;9.490245234559126
712;9.704031048965607
713;10.822851278557248
714;10.376714647025288
715;9.45490742044964
716;8.541723122968117
717;8.870805587932518
718;7.046517606978816
719;6.252682138141981
720;5.66306188274976
721;4.6363053825351965
722;3.084335302363668
723;1.7816439689819548
724;0.13421842564069986
725;-0.4198503496313878
726;-2.571059105572278
727;-3.717360353689353
728;-4.764754326068024
729;-5.730911599885682
730;-5.36011257793967
731;-7.248342283592345
732;-8.020822006922721
733;-8.881599868356293
734;-10.104350714898146
735;-9.51570163796543
736;-9.778384752155697
737;-9.729746589776417
738;-9.755447783245504
739;-9.57959228076729
740;-9.359306607681907
741;-8.21568362536998
742;-8.137124890666241
743;-7.143259630813405
744;-5.519060628210128
745;-5.163828172448178
746;-3.3357422536377213
747;-2.220660708876884
748;-0.9257232712654224
749;-0.2555701090378067
750;-0.07400119709178471
751;1.3763953646069262
752;2.6451186882219453
753;4.087219327643451
754;4.585198223603517
755;5.678126902914061
756;6.620668236177932
757;7.660046384835625
758;8.793856204455256
759;9.490018166855563
760;9.427970201624
761;9.272206729892433
762;10.144733172407387
763;9.955382531989905
764;9.892183897238633
765;9.176563908425667
766;8.267060786573634
767;8.635494665339523
768;7.032032001660144
769;6.528575278857115
770;5.749498464815116
771;3.602915168861282
772;2.9856429706146654
773;2.395945384844039
774;0.4877024534846769
775;-0.8047911240174344
776;-2.0804815974643343
777;-3.046505060319351
778;-4.260873161252764
779;-5.9045958832342365
780;-6.3499830493479745
781;-7.034833610004116
782;-8.359944140794047
783;-8.725069812846373
784;-9.288367469562324
785;-9.730550973405322
786;-9.946161769490642
787;-9.904984522018069
788;-10.238987975551014
789;-9.680262172012585
790;-9.268738150066621
791;-8.813233359992541
792;-7.58090246586758
793;-6.964258465401525
794;-5.822445670111076
795;-4.7348591168988445
796;-3.685416434719557
797;-2.7963583930078775
798;-1.3521755431978324
799;0.5177474192061231
800;-0.42317788843755366
801;0.12481903823314511
802;2.438437484506005
803;3.512086848033732
804;5.33228099788074
805;6.479546100262296
806;7.100163419286885
807;7.047746069296566
808;9.207408282625359
809;8.938919164929668
810;8.857915803962788
811;9.31721270243677
812;9.53229749523817
813;10.44828797235526
814;9.988489617156219
815;8.892301248716294
816;9.014821964166002
817;8.005398306824997
818;7.5816793108737714
819;6.964044002602349
820;5.7038098890721844
821;4.76965618882012
822;2.503237459345359
823;1.5454251031220763
824;0.4434025207549831
825;-0.6005745676415901
826;-1.6834675390333682
827;-3.831322631936728
828;-3.8578735754091573
829;-5.431590932820555
830;-6.705877304243431
831;-7.861088356329793
832;-8.511939996908996
833;-8.584414077252738
834;-9.329956943403417
835;-9.276655891794507
836;-9.789280706402964
837;-10.033705792078813
838;-9.751952390545318
839;-9.277091492005685
840;-9.749164765296815
841;-8.652253551100369
842;-7.996815759332442
843;-7.04904358375061
844;-6.356952946070243
845;-4.615969581860965
846;-3.5772810467480634
847;-2.6094202338679473
848;-1.6839586921389502
849;0.0158292931375445
850;0.4942355305890087
851;0.8464041224534511
852;2.7346954213527614
853;3.598923447795516
854;5.030033105155047
855;5.725228110933582
856;7.195388460624512
857;8.731740153533462
858;8.104237154734543
859;8.71883119172506
860;9.87046589839352
861;9.553092818066832
862;10.813859458826068
863;9.735153834193524
864;9.29446397995283
865;9.58334502401609
866;9.911008495768588
867;8.431196392450145
868;7.75816072088972
869;6.362012852129625
870;5.792217490711355
871;4.8974321260457
872;2.7344353993967827
873;1.7043917729989633
874;0.7356536200442625
875;-0.7670333499174451
876;-1.3523424020281427
877;-2.9588184401207456
878;-4.634844790823193
879;-4.899182544233887
880;-6.782559136557152
881;-7.310148699781753
882;-7.985757675775866
883;-8.550964282086008
884;-9.037987026486944
885;-9.725253528792456
886;-9.425082353249175
887;-10.246107391042884
888;-9.574147955230627
889;-9.417680189757704
890;-8.311991426726932
891;-9.177459192087971
892;-7.192788597247215
893;-6.999111906734716
894;-6.145663929375529
895;-5.474660853678264
896;-3.4555281696921014
897;-2.9099195841797934
898;-2.2070504072389228
899;0.3016928786253039
900;-0.07149385896898168
901;1.4707974160952513
902;2.331325297020625
903;4.12546000122083
904;4.799506716068481
905;6.047055415993307
906;6.732626824173973
907;7.6905333065223065
908;8.864927358293235
909;9.104159050524123
910;10.081848220452706
911;10.6858064377951
912;10.222919476961245
913;9.795856663161715
914;9.602177997521586
915;9.617458821211988
916;8.706313206491203
917;7.7030885365106
918;7.322846987281869
919;6.147336623413394
920;5.16931191644731
921;4.619177825212414
922;3.6669782460896347
923;1.9433052241978097
924;1.0635803831084263
925;-0.24133790859923404
926;-2.018334654379859
927;-3.0826022683141843
928;-4.203747567171649
929;-5.640642104258339
930;-6.070576495689253
931;-7.742677386479263
932;-8.122647105894293
933;-9.002484165037378
934;-9.433986770497036
935;-8.99178635704278
936;-10.532371894553838
937;-9.435351111777761
938;-9.37417724798163
939;-10.285983303990205
940;-9.019114939653445
941;-8.800537449101457
942;-8.335176145249939
943;-6.644749944663394
944;-5.350776632364215
945;-5.4500623262011825
946;-3.4622934335583664
947;-2.208101920233397
948;-1.5601507273426143
949;-0.41376130346327167
950;0.23568584027522124
951;1.4339335486840434
952;2.4934057791503506
953;4.074426968851121
954;4.905398179112632
955;6.354783362453072
956;7.2123174976429665
957;8.296632278371083
958;9.411396450223656
959;8.929448516958395
960;9.860307222865753
961;9.434503674652074
962;10.864215348220593
963;9.819157014392315
964;10.050105464018415
965;9.209016169980169
966;9.033601127492528
967;8.216496600325554
968;7.746990977077527
969;6.2939333200003
970;5.504490414150381
971;4.990869062929486
972;3.0975864584469193
973;2.238328492205345
974;0.5632586066212156
975;-0.3255177024849371
976;-1.4647028015649388
977;-3.5331186947352906
978;-4.359108130684375
979;-5.754042684685162
980;-6.300463955148967
981;-8.050231251316333
982;-8.408322586861207
983;-9.157866775995327
984;-9.50453446193919
985;-10.033148162997907
986;-9.893118528311417
987;-9.706963145070638
988;-9.122717902440135
989;-9.278680870787161
990;-8.465814680656301
991;-8.486624672694017
992;-8.42857417143242
993;-6.556708332045196
994;-6.189882227827906
995;-5.598865335942597
996;-3.8622718940704637
997;-3.3695600678257205
998;-1.5342026073933337
999;-0.048851607531764936
1000;0.11533452394676319
1001;0.671126691465257
1002;3.1500321041903736
1003;3.7081079001475366
1004;5.341729697362383
1005;6.7157593399658095
1006;7.077639974760606
1007;7.671308634400523
1008;8.975544648709276
1009;8.062975660273109
1010;9.559678340864801
1011;10.27518323658975
1012;10.647733670339065
1013;9.59529280946317
1014;9.852458284118356
1015;9.196123291217486
1016;8.41568038827005
1017;8.093124253581939
1018;8.142692609196589
1019;6.109306451887654
1020;5.6185113138534
1021;4.104940052505361
1022;2.9834005304522653
1023;1.8645366604750055
1024;0.3095273729106095
1025;-0.8930921316276481
1026;-2.2050925556185668
1027;-3.480903136334725
1028;-3.9591489052675097
1029;-5.786933375435437
1030;-6.292270490512988
1031;-7.311111603443063
1032;-8.042890760058393
1033;-9.221552667977882
1034;-8.907078499483577
1035;-9.853941309736127
1036;-9.338575919612971
1037;-10.026850776195745
1038;-10.292154946822182
1039;-9.264383578668317
1040;-9.071847752450795
1041;-8.305914785988023
1042;-7.182564151620006
1043;-6.937341830661813
1044;-6.128507081545355
1045;-4.718849484449929
1046;-3.6480816322139216
1047;-2.5683535727174034
1048;-1.2033988532384599
1049;-0.2768873314762509
1050;0.1384779821906614
1051;1.3621063068884465
1052;2.3405201767133663
1053;4.202323390646422
1054;4.662850390694096
1055;6.020894282504837
1056;6.613181126480471
1057;7.51692331323705
1058;8.02317372983282
1059;9.694891744832205
1060;10.02629698783462
1061;9.732272833180785
1062;9.971379953494672
1063;10.306800555560104
1064;9.858847163187882
1065;9.454432041019004
1066;9.311702865782264
1067;7.7965940751814236
1068;7.756219129510554
1069;6.841942963876016
1070;5.77863027845617
1071;4.581250593363517
1072;2.7799422739284716
1073;2.4559075723193167
1074;0.4868038566715933
1075;-0.7201648500971528
1076;-2.2625767447620664
1077;-2.43444541190955
1078;-4.7025579699383195
1079;-6.048902267361836
1080;-6.394049578524037
1081;-7.6777174126947445
1082;-8.355416730280957
1083;-8.678843190810758
1084;-10.112919292641395
1085;-9.981784403928573
1086;-10.400272440190896
1087;-10.839335755681942
1088;-10.244489554425128
1089;-9.565628720795814
1090;-9.826407908991815
1091;-7.937864631732417
1092;-8.607668990802896
1093;-7.180025956955744
1094;-5.937683530807237
1095;-4.973860676670821
1096;-3.2952251807064683
1097;-2.642273595441584
1098;-0.7932641451977989
1099;0.5634270671326421
1100;-0.10872290642570222
1101;0.8114177366362003
1102;2.159453252641583
1103;3.9789648410291885
1104;4.3071762181943045
1105;5.938914695630957
1106;7.0111381175793035
1107;7.223945485107719
1108;8.669631863901548
1109;8.499262409329864
1110;9.42644390551994
1111;9.988760856321385
1112;10.348760811418643
1113;9.879613205056645
1114;10.116204764671416
1115;9.475781090121991
1116;7.856993097595713
1117;8.052971062750157
1118;7.549408743487044
1119;6.865661704233488
1120;5.4031058800509335
1121;4.179774695226023
1122;3.0594131884377647
1123;2.073362957891031
1124;0.7845376119791272
1125;-0.6216346423565503
1126;-2.151294197970757
1127;-3.4406032580203108
1128;-4.0543246828051585
1129;-5.407992187458164
1130;-6.522350128146513
1131;-7.676022896072424
1132;-8.837348713637834
1133;-8.644914745515681
1134;-9.70563727483497
1135;-9.30181527897114
1136;-10.334580030106789
1137;-10.044762027967506
1138;-9.86331435504182
1139;-10.413937316572436
1140;-8.98685849173722
1141;-8.299730008014235
1142;-7.810839277018925
1143;-7.213850099652741
1144;-6.176203964418336
1145;-4.6811584890655995
1146;-4.00206105331659
1147;-2.971218746841829
1148;-1.4892336817506997
1149;0.41940861689538705
1150;0.02351153223723065
1151;1.6388795639337397
1152;1.996472620206732
1153;3.8961106258283174
1154;4.839359256444686
1155;5.669781423419804
1156;7.982889579367929
1157;8.28880958950727
1158;8.371761626267606
1159;9.988722878086119
1160;9.336759509040318
1161;9.879040953627014
1162;9.31129548188078
1163;10.081433197350725
1164;9.356012326089125
1165;9.104601684483633
1166;9.301291165487127
1167;7.665601962516852
1168;7.556414404545007
1169;6.631535078818424
1170;5.453270172072586
1171;4.319614440413127
1172;3.3296670910961246
1173;1.389366416245533
1174;0.20904486550468976
1175;-0.2540754885407667
1176;-1.8253632964977375
1177;-3.092951806887216
1178;-4.536350022723541
1179;-4.774326130964722
1180;-6.073600293829493
1181;-7.742202123310654
1182;-8.1080907526111
1183;-8.672602004291377
1184;-9.495688202671747
1185;-9.47620612410478
1186;-10.164957838779648
1187;-9.832301253705031
1188;-9.73788966275044
1189;-9.334454816759946
1190;-9.154913349249302
1191;-8.948988231532976
1192;-7.651808538131339
1193;-7.397360152952665
1194;-6.974527199111062
1195;-4.6544051508845135
1196;-4.182012367569873
1197;-2.3960287851873927
1198;-1.572702705487608
1199;-0.21853895716450566
1200;0.30340748326070927
1201;1.5556262340878206
1202;1.8969301100008211
1203;3.3493635914702415
1204;4.726681613339933
1205;6.362856668184806
1206;6.673125589741192
1207;7.918027345411741
1208;8.507555794296625
1209;9.134817179115878
1210;9.823637072918638
1211;10.03163386743128
1212;11.044196105459296
1213;10.321767962438729
1214;10.293573683726136
1215;9.20268368383086
1216;8.6999912134916
1217;8.851517757097142
1218;7.544190384849284
1219;6.429497617021451
1220;5.403603148158771
1221;4.925489887182451
1222;3.073812262622751
1223;1.7669645656624424
1224;0.3976778810627095
1225;-1.1723055676109975
1226;-1.3166090458786321
1227;-2.7825632662245567
1228;-4.602655231975375
1229;-5.763213661711456
1230;-6.458741443479172
1231;-8.005513246703217
1232;-9.07352204051909
1233;-8.969686906384473
1234;-9.47173990650765
1235;-9.771357955971189
1236;-10.29227709575636
1237;-8.81227924749158
1238;-9.608229250951931
1239;-10.20555958368951
1240;-9.467443431246343
1241;-8.798395755759138
1242;-7.795011909659591
1243;-6.621185497285347
1244;-6.036915548186967
1245;-4.881377932231736
1246;-3.722946294499613
1247;-2.304664718140164
1248;-0.7979420622204529
1249;0.812090028673808
1250;-0.12682413619418992
1251;1.9596473384842483
1252;2.50476196870788
1253;3.6739116974893133
1254;4.745842081468959
1255;5.608494662789122
1256;7.000203863526585
1257;8.29141609293688
1258;8.618200979603817
1259;9.669122505814041
1260;10.402887337872338
1261;10.139679320992201
1262;9.887052045993574
1263;9.904567556631099
1264;9.526167516066026
1265;9.483041461956812
1266;8.656400933828136
1267;8.546085878640886
1268;7.241473408296426
1269;6.802244228302874
1270;5.589420612057004
1271;3.920027255188988
1272;3.432970460574761
1273;1.7760446319958623
1274;1.1564875395707999
1275;-0.727937580914773
1276;-1.6870224644017409
1277;-4.36171238612298
1278;-4.8054611325691035
1279;-5.704979137566923
1280;-6.662535101003026
1281;-7.136709616724509
1282;-8.615040296777853
1283;-8.934713117682708
1284;-9.46532835592644
1285;-9.361332414203577
1286;-9.41654975287326
1287;-9.731544796207238
1288;-10.181311745061834
1289;-9.475663515981328
1290;-10.15737846948489
1291;-7.894160464509832
1292;-8.318737415097425
1293;-7.010443877519181
1294;-6.307396746258716
1295;-5.001566984070264
1296;-3.616602156311277
1297;-1.8767802013131885
1298;-0.7344198571147428
1299;0.2137729114023162
1300;-0.13763579511087817
1301;0.9441047537791416
1302;2.9769897997501227
1303;4.423459787007522
1304;5.250826730570204
1305;5.487468631481553
1306;6.655929919336517
1307;7.662125120921324
1308;8.8927844454156
1309;9.86595254904732
1310;9.33984084223549
1311;10.354969331785995
1312;9.937457716704834
1313;9.96216032091727
1314;10.624600836280766
1315;9.256198303853475
1316;9.560246068949262
1317;7.968952991444422
1318;7.775822159572513
1319;6.31939644655551
1320;4.876676365952348
1321;4.669155673343246
1322;4.04098519024421
1323;2.516975621273164
1324;0.854379878868033
1325;-0.7257203641651239
1326;-1.5026122568881461
1327;-2.7994428929170576
1328;-3.375153480276344
1329;-5.692023667262802
1330;-6.762130212059292
1331;-7.806843738877245
1332;-8.132290500111184
1333;-8.280307620668905
1334;-9.476422409399447
1335;-9.570292947095217
1336;-10.53656768341618
1337;-9.692307268081539
1338;-10.195316211904833
1339;-9.38360246574787
1340;-9.499323752932941
1341;-9.241013566670365
1342;-8.591008777263914
1343;-5.965279685125484
1344;-5.967146881575134
1345;-4.3595453709899115
1346;-4.013643139611556
1347;-2.717424267762703
1348;-0.6389707343836286
1349;0.015113206983319593
1350;0.7253655561560884
1351;1.21280775889417
1352;2.080742624765933
1353;3.136158719235037
1354;5.4950947848411715
1355;6.377168628071511
1356;6.829701491294237
1357;7.3483080099804
1358;8.530763686062196
1359;9.638474799361468
1360;9.470361265480584
1361;10.358632537576877
1362;10.513890938792798
1363;9.966836109526714
1364;9.821387634118786
1365;8.697007200902885
1366;8.190762482496195
1367;8.34763818250621
1368;7.221430667772464
1369;6.291130555079883
1370;5.391829860096656
1371;4.673407951291822
1372;3.0924156077722382
1373;1.699879020098633
1374;1.0746040088024489
1375;-1.1653263781052772
1376;-1.5887929437171235
1377;-2.949837133268442
1378;-4.084113454712195
1379;-5.420163230205134
1380;-6.366974027988574
1381;-7.328126469538879
1382;-8.452602012002263
1383;-8.17006075791159
1384;-9.430072087942138
1385;-8.678228506192811
1386;-9.414056507622098
1387;-9.960217339298724
1388;-10.407554149943955
1389;-9.109548859562816
1390;-8.751286474130833
1391;-9.446545660113545
1392;-7.830042643856129
1393;-7.314497446669246
1394;-5.605594861596373
1395;-5.3176864917551
1396;-4.0682521705884565
1397;-3.010162155112779
1398;-1.591567815399049
1399;-0.16358275412985843
1400;0.43919011742092523
1401;0.9218864121561117
1402;2.5303922814077002
1403;3.589989646436876
1404;4.25594715123695
1405;5.579057724902042
1406;6.993333327529523
1407;7.8707799124983255
1408;8.863432716860581
1409;9.371866601651774
1410;10.18223265054927
1411;10.67208816264072
1412;10.207487721171825
1413;9.725897688426219
1414;9.774501107640637
1415;9.161293508439593
1416;9.400384129826593
1417;8.371961683486724
1418;7.531387201348834
1419;6.578594918623841
1420;5.129801564179494
1421;4.3704000585211356
1422;3.5829573713738707
1423;2.1484154122908667
1424;0.8050317356464776
1425;-0.3204650265638238
1426;-1.9914508712434884
1427;-3.2902413857218247
1428;-5.0536361773915095
1429;-4.930402579911712
1430;-6.529059454254424
1431;-6.999212600759769
1432;-7.428150095431869
1433;-9.031603142182895
1434;-9.943095680922218
1435;-9.25363717775671
1436;-10.214876768598263
1437;-10.22744093567057
1438;-10.06939674355665
1439;-9.54815232763095
1440;-8.827848490605403
1441;-8.3962223317855
1442;-8.425223980621627
1443;-6.848168080547165
1444;-6.401680665582047
1445;-4.446467807538285
1446;-3.9707843137360723
1447;-3.280596511705841
1448;-0.7242972837364451
1449;0.3922265630624722
1450;-0.2846472098562111
1451;1.3582430066493947
1452;2.8629782102066565
1453;4.8731505426691015
1454;4.5622601383799
1455;6.28736449252408
1456;7.546062329100607
1457;8.293156365814236
1458;8.418834783958609
1459;8.645558249309817
1460;10.033332685651079
1461;9.62216826041228
1462;9.501763841881859
1463;10.11100045295262
1464;9.354403725836718
1465;9.727101939619887
1466;8.976475808956772
1467;8.2761816701433
1468;7.450659938430116
1469;5.965791617999389
1470;5.07057131767199
1471;3.6896948687746574
1472;3.004653136980819
1473;2.3710495938553633
1474;-0.07098531016960419
1475;-0.6518772084131338
1476;-2.4978382814675437
1477;-3.20056205282551
1478;-4.076297576077961
1479;-5.384116604770655
1480;-6.886536208363342
1481;-7.263841055370697
1482;-7.291924024814817
1483;-8.880461387364754
1484;-8.469001677054894
1485;-9.496322316714283
1486;-10.187821885458867
1487;-10.752467592038856
1488;-9.916794739869303
1489;-9.247910565257294
1490;-10.14497279617346
1491;-8.797998528803221
1492;-7.3842606165163165
1493;-6.7241391070495355
1494;-6.5875516810283
1495;-5.190519806990272
1496;-3.963428743063768
1497;-2.821000967212943
1498;-1.3372581409822795
1499;-0.4270368507896356
1500;0.4874574440982907
1501;0.43909067825083503
1502;2.7694796586882418
1503;4.5536686546243015
1504;5.518392890263267
1505;6.123528916987709
1506;6.9327082219124865
1507;8.076579654710587
1508;8.038644969991731
1509;9.725715319274938
1510;9.544690351853262
1511;9.531448376178043
1512;10.026035764565384
1513;9.684415174810532
1514;9.36347098295378
1515;9.124144220217389
1516;9.966608767772684
1517;8.540747376997787
1518;8.295345127932448
1519;6.175221041269153
1520;6.11972820658388
1521;4.28024582215505
1522;3.2253668002700757
1523;1.500781952546645
1524;0.5494321932605142
1525;-0.7641308173040613
1526;-1.495743964850374
1527;-3.354965518217922
1528;-4.240706923026175
1529;-5.8102849457944306
1530;-6.643408705849763
1531;-6.950387118136549
1532;-8.57224320799605
1533;-9.180506570778277
1534;-9.042294205201754
1535;-9.934745899574228
1536;-10.074631556552946
1537;-9.763144501544847
1538;-10.211215428999198
1539;-9.86445386653919
1540;-8.67093146891136
1541;-9.255870254482165
1542;-7.773470181160307
1543;-7.095673844727267
1544;-5.760954277140664
1545;-5.7073474831226125
1546;-4.046889159901094
1547;-2.236691946036059
1548;-1.784717898607989
1549;-0.0454082733293741
1550;-0.6249561886979413
1551;1.7427312630859544
1552;2.235936590707715
1553;3.5494466280264483
1554;4.9315825972803555
1555;5.7962592139534195
1556;6.7436836163549385
1557;7.867047088576309
1558;8.462583196785348
1559;9.467930680424313
1560;9.695333047636407
1561;10.101367492321506
1562;9.191393087317271
1563;10.044122508108252
1564;8.971752849891377
1565;10.078645982473777
1566;9.010573788264258
1567;7.956363428399642
1568;7.5611631991991635
1569;6.1817996498474335
1570;5.070756705926748
1571;4.030964515443368
1572;3.7338922895661426
1573;1.6875300947417187
1574;0.19177413713343316
1575;-0.27251443770527756
1576;-1.8655928677183435
1577;-3.373570708062313
1578;-3.9957236599173385
1579;-5.262495183701292
1580;-6.060853800899249
1581;-7.399051973028057
1582;-8.30398480001432
1583;-8.510333907477001
1584;-9.060437389824338
1585;-9.37178692371015
1586;-9.904289064254703
1587;-9.664132108972133
1588;-10.977302832200117
1589;-9.132572639415706
1590;-9.394414509864593
1591;-7.971075270191119
1592;-7.008850704368869
1593;-6.830694842727221
1594;-6.1049345483983455
1595;-4.9084615344393505
1596;-4.089857790578491
1597;-2.0031591386320065
1598;-0.7709277546351762
1599;0.3007367215204148
1600;-0.07730718482139914
1601;0.6879278432065218
1602;3.058898823535144
1603;3.318694343750397
1604;5.343308198426362
1605;6.787700252594078
1606;6.429923002443905
1607;6.9081277989348475
1608;8.161303416878468
1609;9.284595241163707
1610;9.420498350708492
1611;10.495313811612084
1612;10.163156119016616
1613;10.52630071018804
1614;9.529449288219515
1615;9.770371218767709
1616;9.106219477128304
1617;7.923790330827871
1618;7.341770301523264
1619;5.9577955090299675
1620;5.191845666732469
1621;4.513532612715485
1622;3.403960009978627
1623;1.5797768886502424
1624;-0.024158134286102695
1625;-0.03936008650999301
1626;-1.573828413932892
1627;-3.18481050269529
1628;-3.4679985368524306
1629;-4.817485127579912
1630;-6.823214501645392
1631;-7.652285219958204
1632;-7.98465346544422
1633;-9.376651187568495
1634;-9.036972246830105
1635;-9.478657749187738
1636;-9.682106961837675
1637;-10.241723594628874
1638;-9.625880086337451
1639;-8.38834140756945
1640;-8.968816767683586
1641;-9.193983777040103
1642;-7.523050429058473
1643;-7.301448703959237
1644;-5.816285929380425
1645;-4.534245803824313
1646;-3.4670326458008827
1647;-2.569815166752603
1648;-1.371103736504498
1649;-0.41544112675032235
1650;0.019962713338580924
1651;0.9780086147108118
1652;2.2487517964209065
1653;4.1285846703688
1654;5.090272668344471
1655;5.765216255580962
1656;6.28975716204556
1657;7.363400701330637
1658;8.510433512452146
1659;9.34000947770374
1660;9.331853054746277
1661;9.559697780766793
1662;10.0153201481458
1663;9.2871271631842
1664;9.775558089929682
1665;9.647619495702132
1666;8.661242343530738
1667;8.255957761659884
1668;7.017447345353223
1669;6.7681283820771965
1670;5.077248138441752
1671;4.662170100140975
1672;3.642184613055947
1673;1.8474096552054646
1674;0.6077156976632687
1675;-1.1336901584199355
1676;-2.3584496692056343
1677;-3.1074550449452607
1678;-4.200336339610309
1679;-5.530665007983053
1680;-6.624833557890699
1681;-7.389273076156639
1682;-7.284768710726122
1683;-9.030981287609174
1684;-9.605889517786709
1685;-10.302600178710698
1686;-9.354952929258305
1687;-10.122967414648416
1688;-10.16391230467494
1689;-9.86214596977825
1690;-8.920310453770895
1691;-9.021872190613164
1692;-8.240731180659195
1693;-7.213063271135596
1694;-6.192421233104486
1695;-5.6646766165160125
1696;-3.932629474760207
1697;-2.3322425642954725
1698;-1.3582646285894597
1699;0.06349217514480887
1700;0.17430243160786574
1701;1.7313539648550673
1702;2.2932050097334087
1703;3.8789089934027996
1704;4.540785812862255
1705;6.201138713476151
1706;6.593900512226771
1707;7.734877166888798
1708;8.000247133220565
1709;8.358293712074984
1710;10.062200719969121
1711;11.298681327632785
1712;9.493625143997672
1713;10.41464601160319
1714;9.417289181541562
1715;9.58216722106907
1716;9.42563889852152
1717;7.250036694613885
1718;7.687888530336844
1719;6.859413198381551
1720;5.787167884961001
1721;5.02442703023987
1722;3.7476465815419124
1723;1.8840656013484327
1724;0.3256027153752801
1725;0.10876877808341823
1726;-2.4010197563460065
1727;-2.659590215807837
1728;-4.237172322779808
1729;-5.277547966011794
1730;-6.691349455239348
1731;-6.774122577347088
1732;-8.118718249395195
1733;-8.561678860399615
1734;-9.409761652001121
1735;-9.550579036916467
1736;-9.284957913385707
1737;-9.926560398669537
1738;-10.109263052742076
1739;-9.892387456573626
1740;-9.086529653351109
1741;-9.120028112103538
1742;-7.71948593795616
1743;-7.24037666152714
1744;-6.17572032420725
1745;-5.629365656318764
1746;-4.010928456039542
1747;-2.429429364119245
1748;-1.6678333425414276
1749;0.18837399747701822
1750;1.076607430660594
1751;1.723207977541526
1752;2.0559871545947934
1753;3.562061946997099
1754;4.099803065309434
1755;6.2290726196140085
1756;6.85353688894742
1757;7.297701705227342
1758;8.333464469171743
1759;9.366950106566106
1760;9.384239508883208
1761;9.865846627098337
1762;10.506466766529591
1763;9.52568096163731
1764;9.273867994705911
1765;9.297324472335465
1766;8.681534971035825
1767;7.48817378237578
1768;6.44997796478262
1769;6.722344326334179
1770;5.661033849487068
1771;4.653927716880883
1772;2.800700986650728
1773;2.1726740724644786
1774;0.6009511928407614
1775;-1.0696920188390915
1776;-2.1358901082137147
1777;-3.228171684908066
1778;-4.603401629987097
1779;-5.455502131891009
1780;-7.156136078349355
1781;-7.347965812950815
1782;-7.9075784901223125
1783;-8.683511309839316
1784;-8.901117186468777
1785;-9.560085048491207
1786;-10.156015897341021
1787;-9.328783669416932
1788;-10.076290777712599
1789;-9.456131696867017
1790;-8.715422062385015
1791;-8.958066321820114
1792;-7.719931903558936
1793;-7.056584398115626
1794;-5.881677066420304
1795;-5.043610013977861
1796;-3.914427246472972
1797;-3.6634091543881047
1798;-0.47852408012299996
1799;0.16257071620712282
1800;0.14298926236627546
1801;1.1887874586079568
1802;1.733925645776682
1803;3.6856170148373346
1804;5.725144124320953
1805;5.799183999985715
1806;7.608777011559951
1807;8.64539423526197
1808;8.887157159342168
1809;8.976883729784266
1810;9.181891410677805
1811;10.08040218912004
1812;9.790264684393211
1813;10.04604091531261
1814;9.539816934870347
1815;8.963585170882329
1816;8.743901107219115
1817;7.874109860006102
1818;7.063837931688709
1819;6.954643898407194
1820;5.854909324087731
1821;4.901494940970443
1822;3.486370122613491
1823;1.977367146293151
1824;0.5007141887217383
1825;-0.9362492881701836
1826;-1.9110505263887647
1827;-3.594345522057047
1828;-4.07493057579441
1829;-5.30882567220287
1830;-6.682373895584532
1831;-8.160916313594807
1832;-7.806047782791442
1833;-9.11183544207424
1834;-9.175649227580774
1835;-9.324329382606884
1836;-10.506232857659985
1837;-10.049815141398305
1838;-9.782920406583274
1839;-9.817902125963089
1840;-9.328826170984737
1841;-8.340965950549352
1842;-7.715631811689935
1843;-6.791654395171491
1844;-5.544640295229146
1845;-4.7327645171642025
1846;-4.309754008964523
1847;-2.3548114557293087
1848;-1.3719660720897908
1849;0.1495972240465257
1850;0.006004107431808237
1851;1.6169084004841325
1852;2.9250943294255674
1853;3.6284035310618292
1854;5.540356501354312
1855;5.993545494698001
1856;7.168341706463303
1857;7.433701742223429
1858;8.91102993454457
1859;9.975171524460146
1860;9.677646386073365
1861;10.059766958392123
1862;9.555094066838171
1863;9.96865910700929
1864;10.067703104288327
1865;9.669480326610413
1866;8.664234659598312
1867;7.792092894848825
1868;7.734962795908676
1869;6.714292496091802
1870;5.6339397710855375
1871;3.9969297246807978
1872;2.849113828576663
1873;1.5886105965209305
1874;1.1331473038761153
1875;-0.2954181848110838
1876;-2.9603174526512266
1877;-2.688779776094602
1878;-4.762869915988985
1879;-5.154683386031655
1880;-6.574806143993558
1881;-7.584189090204499
1882;-7.748173367261648
1883;-8.983261761426352
1884;-9.356248361602253
1885;-9.935428438601377
1886;-10.556577714284517
1887;-10.007118181427527
1888;-9.645065616160261
1889;-9.889260173110745
1890;-9.381116883591805
1891;-8.687193552741249
1892;-7.961542952329052
1893;-6.83258163921041
1894;-6.200928490843337
1895;-4.285443301204548
1896;-3.046879477295149
1897;-2.565005289498427
1898;-1.5971406026476507
1899;0.2443404789493836
1900;0.3633544424400998
1901;1.5082158311637963
1902;2.254909195927282
1903;3.5305562123187824
1904;5.301926588876051
1905;5.922045558314549
1906;7.371604863011919
1907;7.468821843747525
1908;8.589734934581305
1909;9.164741287166914
1910;9.98049518452695
1911;9.721191703116794
1912;10.777450144669874
1913;10.288888326349838
1914;9.218580602446565
1915;9.761753458615074
1916;8.81551484721885
1917;7.438054117452146
1918;7.58859512973342
1919;6.175041379491161
1920;5.872395388287048
1921;4.584519333209196
1922;3.2087424461787633
1923;1.756162107781957
1924;0.4214458832520708
1925;-0.14193075147861428
1926;-1.962574730858175
1927;-4.444327693531557
1928;-3.79256653755481
1929;-4.488383311180613
1930;-6.67307047556827
1931;-7.611674578091763
1932;-8.777214017788806
1933;-9.143640508657713
1934;-10.027791422170889
1935;-10.539614680899694
1936;-10.5017415131257
1937;-10.413895537863922
1938;-9.671426594852035
1939;-9.235173234939097
1940;-9.641056597456954
1941;-8.314119552336148
1942;-7.514570095816592
1943;-6.889743926607157
1944;-5.548661216300577
1945;-4.473931636029105
1946;-3.4033092555167777
1947;-3.308893186539266
1948;-1.974248569370661
1949;-0.07860732239522057
1950;-0.2987027679814338
1951;0.9894795747250118
1952;2.7726703367710255
1953;3.804718762642305
1954;3.9929337210678875
1955;6.615912655682392
1956;6.545588501448773
1957;7.521686803052379
1958;8.584274026373418
1959;8.818224932045457
1960;9.420544106564236
1961;10.483847555007513
1962;10.190889288471245
1963;9.738030429902988
1964;9.644872066983709
1965;8.869564039575666
1966;9.079772628164777
1967;8.446959318563827
1968;6.993440533468486
1969;6.533756726835233
1970;5.744419791170893
1971;3.4679142895533865
1972;3.7029764690952343
1973;1.6572243070543338
1974;0.8536191686214724
1975;-0.5010142391028869
1976;-1.5452788687459815
1977;-3.3270036749403333
1978;-4.4563815611097235
1979;-5.427154851845655
1980;-6.110836312918245
1981;-7.76836057221817
1982;-7.9574262754093
1983;-8.832472646117289
1984;-9.51572333067168
1985;-8.852139758912017
1986;-9.77995904977841
1987;-10.488386612273874
1988;-9.91181221890998
1989;-9.37019040450096
1990;-9.138164957006506
1991;-8.364723768001681
1992;-7.564527060259678
1993;-6.371513793589605
1994;-6.036249296218103
1995;-4.631395346162372
1996;-4.298373664219854
1997;-3.357763113350656
1998;-1.2858563935823963
1999;0.21590966074772666
